Index,Image,Luminous Intensity,Global Natualness (MOS),Local Naturalness
75,a1_dpr_00_0.8.png,-2.2,1,0.7
19,a1_dpr_00_0.9.png,-1,2.3,1.4
215,a1_dpr_00_1.0.png,-0.9,1.4,0.7
681,a1_dpr_00_1.1.png,1.1,2.2,2.2
304,a1_dpr_00_1.2.png,-0.4,1.7,2.3
202,a1_dpr_01_0.8.png,-1,1.8,0.9
279,a1_dpr_01_0.9.png,0.2,2.8,2.5
531,a1_dpr_01_1.0.png,0.2,2.3,2.3
684,a1_dpr_01_1.1.png,0.4,2.2,2.3
787,a1_dpr_01_1.2.png,1,2.2,1.9
741,a1_dpr_02_0.8.png,-1.3,2.3,2.4
450,a1_dpr_02_0.9.png,-0.2,2.8,2.6
306,a1_dpr_02_1.0.png,0.1,2.1,2.4
567,a1_dpr_02_1.1.png,0.8,2.2,2.4
766,a1_dpr_02_1.2.png,1,2.4,2.4
26,a1_dpr_03_0.8.png,-0.5,4.1,3.6
292,a1_dpr_03_0.9.png,0.5,3.7,3
387,a1_dpr_03_1.0.png,0.4,2.7,2.6
474,a1_dpr_03_1.1.png,0.2,2.3,2.4
793,a1_dpr_03_1.2.png,2.3,2.4,2.5
28,a1_dpr_04_0.8.png,-0.4,3.7,3
139,a1_dpr_04_0.9.png,1.1,2.9,2
637,a1_dpr_04_1.0.png,1.3,2.1,2.5
153,a1_dpr_04_1.1.png,1.1,2.2,0.9
555,a1_dpr_04_1.2.png,1.4,2.3,1.9
736,a1_dpr_05_0.8.png,-1.6,1.9,1.4
706,a1_dpr_05_0.9.png,0.6,2,2.2
735,a1_dpr_05_1.0.png,0.2,1.9,2.2
656,a1_dpr_05_1.1.png,0.3,2.3,2.4
680,a1_dpr_05_1.2.png,3.2,2.1,2.3
199,a1_dpr_06_0.8.png,-1.9,2,1.9
432,a1_dpr_06_0.9.png,0.4,1.7,1.3
522,a1_dpr_06_1.0.png,0.4,2,1.6
654,a1_dpr_06_1.1.png,0.8,2.2,2.2
7,a1_dpr_06_1.2.png,2.3,1.8,2.1
703,a1_hg_00_0.8.png,-1.5,2.3,2.5
617,a1_hg_00_0.9.png,-0.6,3.1,3
642,a1_hg_00_1.0.png,-0.5,2.7,2.5
456,a1_hg_00_1.1.png,0.8,2.2,2.3
14,a1_hg_00_1.2.png,0.3,1.4,1.1
246,a1_hg_01_0.8.png,-0.9,3,2.7
182,a1_hg_01_0.9.png,-0.5,3.9,3.5
65,a1_hg_01_1.0.png,-0.3,3.4,3
228,a1_hg_01_1.1.png,-0.5,3.8,4.2
562,a1_hg_01_1.2.png,0.5,3.6,3.3
538,a1_hg_02_0.8.png,-0.8,2.7,2.7
394,a1_hg_02_0.9.png,-0.8,2.9,2.8
374,a1_hg_02_1.0.png,0,3.7,3.6
572,a1_hg_02_1.1.png,0.2,4.4,3.7
114,a1_hg_02_1.2.png,0.2,4.2,3.5
22,a1_hg_03_0.8.png,-0.6,4.2,3.4
74,a1_hg_03_0.9.png,-0.3,4.3,3.6
2,a1_hg_03_1.0.png,-0.7,3.8,3.1
700,a1_hg_03_1.1.png,0.9,2.2,2.3
201,a1_hg_03_1.2.png,1.6,3.3,3.1
265,a1_hg_04_0.8.png,-0.7,3.2,3.4
102,a1_hg_04_0.9.png,0.5,3.5,3
203,a1_hg_04_1.0.png,0.3,3.1,3.7
436,a1_hg_04_1.1.png,1.5,2.8,3.2
76,a1_hg_04_1.2.png,1.6,3.1,3.9
128,a1_hg_05_0.8.png,-1.3,2.4,2.5
280,a1_hg_05_0.9.png,-0.3,2.6,2.1
43,a1_hg_05_1.0.png,0.5,2,1.4
757,a1_hg_05_1.1.png,0.6,2.2,2.5
589,a1_hg_05_1.2.png,0.8,2.1,2.4
581,a1_hg_06_0.8.png,-3.5,1.4,1.4
630,a1_hg_06_0.9.png,-1.4,2.2,2.2
631,a1_hg_06_1.0.png,-0.7,2,2
593,a1_hg_06_1.1.png,0.4,2.3,2.3
154,a1_hg_06_1.2.png,-0.6,2.2,2.3
224,a1_ic_00_100.png,-1.9,1.8,1.5
361,a1_ic_00_150.png,-0.7,1.9,1.8
52,a1_ic_00_200.png,-3.3,2.3,2
769,a1_ic_00_50.png,-2.7,1.6,1.7
274,a1_ic_00_75.png,-0.6,1.7,2.2
791,a1_ic_01_100.png,-2.6,1.1,1.7
466,a1_ic_01_150.png,-3.5,1.1,1
365,a1_ic_01_200.png,-1.5,1.1,1.6
375,a1_ic_01_50.png,-1.4,1.7,2.2
167,a1_ic_01_75.png,-2.4,1,1.2
658,a1_ic_02_100.png,-0.8,1.3,1.3
731,a1_ic_02_150.png,-0.5,1.7,1.9
155,a1_ic_02_200.png,-1.6,1.9,1.8
699,a1_ic_02_50.png,-1.9,1.1,1.5
828,a1_ic_02_75.png,-0.6,1.8,2.1
208,a1_ic_03_100.png,-0.6,2.1,1.9
695,a1_ic_03_150.png,-0.7,1.9,1.9
5,a1_ic_03_200.png,-0.5,1.3,1.2
254,a1_ic_03_50.png,-1.3,1.9,1.2
716,a1_ic_03_75.png,-1.5,1.9,1.9
693,a1_ic_04_100.png,-2.9,2,2.2
352,a1_ic_04_150.png,-0.3,2.1,1.7
18,a1_ic_04_200.png,-1.4,1.6,1.8
177,a1_ic_04_50.png,-1.3,2.2,2.5
615,a1_ic_04_75.png,-1,1.7,1.6
794,a1_ic_05_100.png,-1.9,1.5,1.4
492,a1_ic_05_150.png,-1.2,1.8,1.8
782,a1_ic_05_200.png,-1.9,1.4,1.8
610,a1_ic_05_50.png,-2.4,1.7,1
560,a1_ic_05_75.png,-0.7,1.7,2.1
393,a1_ic_06_100.png,-2,1.3,1.4
674,a1_ic_06_150.png,-2.8,0.5,0.1
184,a1_ic_06_200.png,-0.6,1.1,1.4
705,a1_ic_06_50.png,-1.3,0.9,0.9
136,a1_ic_06_75.png,-3.1,0.9,1.2
54,a1_opencv_00_0.6.png,0.1,4.2,3.5
239,a1_opencv_00_0.7.png,0.1,4.1,3.9
384,a1_opencv_00_0.8.png,0.4,2.7,2.7
765,a1_opencv_00_0.9.png,0.8,3.3,2.9
748,a1_opencv_00_1.png,0.8,2.1,2.2
512,a1_opencv_01_0.6.png,0.1,3.7,3.1
614,a1_opencv_01_0.7.png,0.2,3.8,3.2
212,a1_opencv_01_0.8.png,1.1,3.2,2.6
470,a1_opencv_01_0.9.png,0.3,2.6,2.6
718,a1_opencv_01_1.png,0.7,3.7,3.3
248,a1_opencv_02_0.6.png,1,3,2.8
181,a1_opencv_02_0.7.png,0.1,4.2,2.9
260,a1_opencv_02_0.8.png,1,2.9,2.4
451,a1_opencv_02_0.9.png,0.9,1.9,2.1
258,a1_opencv_02_1.png,0.5,2.9,2.7
473,a1_opencv_03_0.6.png,0.5,2.7,2.3
534,a1_opencv_03_0.7.png,1,2.4,2.1
807,a1_opencv_03_0.8.png,1.2,1.4,1.9
1,a1_opencv_03_0.9.png,1.5,0.5,0.1
666,a1_opencv_03_1.png,1.6,1.7,1.7
803,a1_opencv_04_0.6.png,1,2,2.3
287,a1_opencv_04_0.7.png,0.8,2.7,2.4
295,a1_opencv_04_0.8.png,0.2,2.7,2.5
798,a1_opencv_04_0.9.png,1.9,2.1,2
477,a1_opencv_04_1.png,0.7,2.3,2.2
679,a1_opencv_05_0.6.png,1.5,2.7,2
781,a1_opencv_05_0.7.png,1.1,2.4,1.9
751,a1_opencv_05_0.8.png,1.6,1.5,1.4
395,a1_opencv_05_0.9.png,2,1.8,1.9
472,a1_opencv_05_1.png,1.1,1.7,1.7
197,a1_opencv_06_0.6.png,0.1,4.3,3.8
493,a1_opencv_06_0.7.png,0.8,3.1,3.5
500,a1_opencv_06_0.8.png,0.5,3.5,2.6
131,a1_opencv_06_0.9.png,0.3,3.4,2.7
216,a1_opencv_06_1.png,0.2,2.8,2.6
9,a11_dpr_00_0.8.png,3.2,1,0.7
609,a11_dpr_00_0.9.png,0.2,1.4,1.1
207,a11_dpr_00_1.0.png,3.6,1.5,1.7
96,a11_dpr_00_1.1.png,3.5,1.4,1.1
543,a11_dpr_00_1.2.png,2.3,1.3,1
663,a11_dpr_01_0.8.png,1.8,2.2,2
233,a11_dpr_01_0.9.png,1.4,1,0.2
661,a11_dpr_01_1.0.png,1.5,1.1,0.8
435,a11_dpr_01_1.1.png,3.3,1.1,0.5
460,a11_dpr_01_1.2.png,3,1.9,2.2
551,a11_dpr_02_0.8.png,-1.3,1.6,2.2
421,a11_dpr_02_0.9.png,1.8,2,2.2
156,a11_dpr_02_1.0.png,1.8,2.5,1.9
357,a11_dpr_02_1.1.png,1.2,1.7,1.5
806,a11_dpr_02_1.2.png,2.5,1.8,1.4
745,a11_dpr_03_0.8.png,1.9,2.3,2.5
708,a11_dpr_03_0.9.png,1.7,2.1,2.2
519,a11_dpr_03_1.0.png,1.6,2.1,2.2
490,a11_dpr_03_1.1.png,2.1,1.6,2.2
353,a11_dpr_03_1.2.png,2.2,0.9,1.3
583,a11_dpr_04_0.8.png,2.1,2.1,2.3
158,a11_dpr_04_0.9.png,3.1,2.8,2.3
678,a11_dpr_04_1.0.png,2.6,1.5,1.8
491,a11_dpr_04_1.1.png,2.1,1.8,1.9
326,a11_dpr_04_1.2.png,3.5,0.7,0.8
704,a11_dpr_05_0.8.png,-1.9,1.5,2
95,a11_dpr_05_0.9.png,0.4,2.1,2.3
358,a11_dpr_05_1.0.png,1.2,1.8,2.1
487,a11_dpr_05_1.1.png,2.6,1.5,1.4
115,a11_dpr_05_1.2.png,3.1,1.2,1.2
837,a11_dpr_06_0.8.png,2.5,2,2.3
545,a11_dpr_06_0.9.png,2.2,1.8,1.3
92,a11_dpr_06_1.0.png,1.4,1.8,1.9
645,a11_dpr_06_1.1.png,3.4,1.9,1.6
635,a11_dpr_06_1.2.png,2.7,0.8,0.6
335,a11_hg_00_0.8.png,-1.6,2.4,2.6
437,a11_hg_00_0.9.png,-0.6,2.5,2.5
557,a11_hg_00_1.0.png,0.5,2.1,2.1
566,a11_hg_00_1.1.png,0.5,2.3,2.3
639,a11_hg_00_1.2.png,1.5,2.5,2.3
281,a11_hg_01_0.8.png,-0.9,1.7,1.9
402,a11_hg_01_0.9.png,-0.5,2.3,2.4
226,a11_hg_01_1.0.png,-1.4,2.8,2.7
53,a11_hg_01_1.1.png,-0.8,2.8,2.9
235,a11_hg_01_1.2.png,0.4,2.6,2.8
511,a11_hg_02_0.8.png,-0.8,1.5,1.8
385,a11_hg_02_0.9.png,-0.2,2.1,2
420,a11_hg_02_1.0.png,-0.4,2.7,2.8
278,a11_hg_02_1.1.png,-0.3,2.5,2.4
407,a11_hg_02_1.2.png,0.4,3.1,3.7
777,a11_hg_03_0.8.png,-0.8,3,2.7
368,a11_hg_03_0.9.png,-0.4,3.9,3.6
38,a11_hg_03_1.0.png,-0.2,4.2,4
222,a11_hg_03_1.1.png,0.6,3.7,4.2
24,a11_hg_03_1.2.png,0,4.5,3.7
764,a11_hg_04_0.8.png,-2.2,1.5,1.1
315,a11_hg_04_0.9.png,-1.4,2.1,2.2
62,a11_hg_04_1.0.png,0.5,3,3
696,a11_hg_04_1.1.png,0.9,2.4,2.5
210,a11_hg_04_1.2.png,1.1,2.8,2.8
185,a11_hg_05_0.8.png,-0.6,2.3,2.3
834,a11_hg_05_0.9.png,-0.6,2.2,2.4
276,a11_hg_05_1.0.png,-0.4,2.2,2.4
333,a11_hg_05_1.1.png,-0.4,2.2,2.5
174,a11_hg_05_1.2.png,0.4,2.2,2.3
802,a11_hg_06_0.8.png,-2.1,1.7,2.1
428,a11_hg_06_0.9.png,-0.5,2.1,2.3
604,a11_hg_06_1.0.png,-1.5,2.3,2.3
82,a11_hg_06_1.1.png,0,2.2,2.4
671,a11_hg_06_1.2.png,0.2,2.4,2.5
744,a11_ic_00_100.png,-0.4,2.2,2.3
8,a11_ic_00_150.png,-0.7,3.3,4.2
485,a11_ic_00_200.png,-0.5,3.1,2.6
60,a11_ic_00_50.png,-0.4,2.3,1.5
130,a11_ic_00_75.png,0.2,2.9,3
499,a11_ic_01_100.png,-0.9,1.7,2.1
273,a11_ic_01_150.png,-0.9,1.6,2.2
483,a11_ic_01_200.png,-0.8,1.7,1.9
469,a11_ic_01_50.png,-0.4,2,1.9
732,a11_ic_01_75.png,-0.3,2.4,2.5
223,a11_ic_02_100.png,-0.5,2.3,2.4
711,a11_ic_02_150.png,0.5,2.2,2.5
322,a11_ic_02_200.png,-1,2.2,2.4
747,a11_ic_02_50.png,-0.4,2.4,2.5
144,a11_ic_02_75.png,-0.8,1.9,1.8
168,a11_ic_03_100.png,-0.8,2.8,2.7
707,a11_ic_03_150.png,-0.5,2.3,2.3
431,a11_ic_03_200.png,-0.3,1.7,1.9
238,a11_ic_03_50.png,-0.1,2.4,2.5
591,a11_ic_03_75.png,-0.1,2.1,2.1
461,a11_ic_04_100.png,-0.9,2.2,2.7
770,a11_ic_04_150.png,-0.2,2.1,2.2
462,a11_ic_04_200.png,-0.4,2.3,2.3
737,a11_ic_04_50.png,-0.4,2.2,2.1
288,a11_ic_04_75.png,-0.8,2,2.3
762,a11_ic_05_100.png,-0.3,2.4,2.3
644,a11_ic_05_150.png,-0.7,1.8,2.2
825,a11_ic_05_200.png,-0.4,1.8,1.9
400,a11_ic_05_50.png,0.4,2.1,2.1
592,a11_ic_05_75.png,-0.1,2.5,2.5
685,a11_ic_06_100.png,-0.2,2.1,1.9
140,a11_ic_06_150.png,-1.1,2.7,2.5
582,a11_ic_06_200.png,-0.9,2.2,1.9
300,a11_ic_06_50.png,-0.6,2.1,2.2
503,a11_ic_06_75.png,-0.4,1.9,2
66,a11_opencv_00_0.6.png,0.2,3.4,3.2
350,a11_opencv_00_0.7.png,0.2,3.5,3.3
33,a11_opencv_00_0.8.png,-0.6,3.1,3.2
67,a11_opencv_00_0.9.png,0.6,3.2,3.1
475,a11_opencv_00_1.png,1.1,2.7,2.6
405,a11_opencv_01_0.6.png,0.6,4.2,3.9
84,a11_opencv_01_0.7.png,0.4,4.5,3.7
3,a11_opencv_01_0.8.png,0,4.4,4.1
717,a11_opencv_01_0.9.png,1,3.6,3.8
579,a11_opencv_01_1.png,0.5,2.8,3
595,a11_opencv_02_0.6.png,1.3,3.4,3.1
180,a11_opencv_02_0.7.png,0.2,3.7,3.3
108,a11_opencv_02_0.8.png,0.6,3.2,3
188,a11_opencv_02_0.9.png,1.6,2.4,2.4
541,a11_opencv_02_1.png,2.2,2.1,2.1
240,a11_opencv_03_0.6.png,1,2.6,2.9
314,a11_opencv_03_0.7.png,0.8,2.3,2.3
800,a11_opencv_03_0.8.png,1.6,2.5,2.5
35,a11_opencv_03_0.9.png,0.8,2.8,3.2
303,a11_opencv_03_1.png,1,2.3,2.4
141,a11_opencv_04_0.6.png,0.8,2.8,2.7
498,a11_opencv_04_0.7.png,2,2.6,2.5
231,a11_opencv_04_0.8.png,1.8,3,2.6
530,a11_opencv_04_0.9.png,1.4,2.3,2.4
598,a11_opencv_04_1.png,1.6,2.7,2.6
413,a11_opencv_05_0.6.png,1.4,2.7,2.6
282,a11_opencv_05_0.7.png,1,2.4,2.2
116,a11_opencv_05_0.8.png,1,2.8,2.8
275,a11_opencv_05_0.9.png,1,2,2.3
269,a11_opencv_05_1.png,1.9,1.8,1.1
539,a11_opencv_06_0.6.png,0.8,3.7,3.4
79,a11_opencv_06_0.7.png,0.2,3.8,3.6
392,a11_opencv_06_0.8.png,0.2,2.7,2.7
23,a11_opencv_06_0.9.png,0.4,3.2,2.4
183,a11_opencv_06_1.png,0.4,2.8,2.7
670,a15_dpr_00_0.8.png,2.1,1.3,1.4
750,a15_dpr_00_0.9.png,1.2,2.2,2.2
701,a15_dpr_00_1.0.png,2.2,1.8,2
363,a15_dpr_00_1.1.png,1.6,1.4,2
613,a15_dpr_00_1.2.png,2.7,2.2,1.3
259,a15_dpr_01_0.8.png,2,1,0.8
351,a15_dpr_01_0.9.png,0.7,1.3,0.8
720,a15_dpr_01_1.0.png,2,1.6,2
105,a15_dpr_01_1.1.png,1.4,2.8,2.5
103,a15_dpr_01_1.2.png,2.7,2.3,2.2
520,a15_dpr_02_0.8.png,2.4,1.6,1.1
709,a15_dpr_02_0.9.png,1.5,1.6,1.4
217,a15_dpr_02_1.0.png,1.4,2.3,2.3
68,a15_dpr_02_1.1.png,2.3,2.1,2
386,a15_dpr_02_1.2.png,3.3,1.6,1.4
249,a15_dpr_03_0.8.png,2.1,2.2,2.5
434,a15_dpr_03_0.9.png,1.3,2.1,1.9
622,a15_dpr_03_1.0.png,2.7,1.9,0.9
59,a15_dpr_03_1.1.png,3.8,0.9,0.2
106,a15_dpr_03_1.2.png,2.3,1.8,0.9
359,a15_dpr_04_0.8.png,2.1,2.2,2.1
63,a15_dpr_04_0.9.png,3.2,1.6,1
424,a15_dpr_04_1.0.png,2,2.2,2
772,a15_dpr_04_1.1.png,3.3,1.8,2.1
135,a15_dpr_04_1.2.png,3.1,0.7,0.2
550,a15_dpr_05_0.8.png,0.8,2.2,2
252,a15_dpr_05_0.9.png,1.2,2.2,2.3
198,a15_dpr_05_1.0.png,4.3,1.8,1.9
458,a15_dpr_05_1.1.png,4,0.8,1.5
758,a15_dpr_05_1.2.png,3.9,1.9,1.6
448,a15_dpr_06_0.8.png,-0.6,1.7,1.9
471,a15_dpr_06_0.9.png,1.7,2,2.3
316,a15_dpr_06_1.0.png,3.4,1.1,0.5
484,a15_dpr_06_1.1.png,3.7,1.5,1.3
391,a15_dpr_06_1.2.png,4.1,0.7,0.1
423,a15_hg_00_0.8.png,-2,2,1.7
419,a15_hg_00_0.9.png,-0.7,2.7,2.6
93,a15_hg_00_1.0.png,-0.8,3.4,2.9
338,a15_hg_00_1.1.png,-1.1,2.9,3.6
157,a15_hg_00_1.2.png,0.5,2.7,3.1
575,a15_hg_01_0.8.png,-1.4,1.4,1.8
535,a15_hg_01_0.9.png,-0.9,2,1.9
438,a15_hg_01_1.0.png,-1,1.8,1.8
546,a15_hg_01_1.1.png,-0.7,2.7,2.7
409,a15_hg_01_1.2.png,-0.3,2.7,3.3
152,a15_hg_02_0.8.png,-2.3,2,2.1
743,a15_hg_02_0.9.png,-1.3,2.3,2.2
325,a15_hg_02_1.0.png,-1.1,2.7,2.5
339,a15_hg_02_1.1.png,-0.5,2.7,2.6
194,a15_hg_02_1.2.png,0.7,2.9,3.4
505,a15_hg_03_0.8.png,-0.5,1.8,1.8
149,a15_hg_03_0.9.png,-0.9,2.9,2.5
467,a15_hg_03_1.0.png,0.4,2.5,2.5
468,a15_hg_03_1.1.png,0.8,3,2.7
286,a15_hg_03_1.2.png,1.4,2.9,3.4
652,a15_hg_04_0.8.png,-1.2,2.2,2.3
381,a15_hg_04_0.9.png,1,2.7,2.5
243,a15_hg_04_1.0.png,0.4,2.2,2.2
311,a15_hg_04_1.1.png,1.3,3.3,2.9
344,a15_hg_04_1.2.png,-0.9,2.9,2.7
317,a15_hg_05_0.8.png,-2.8,1.1,1.4
710,a15_hg_05_0.9.png,-1.2,1.7,2
32,a15_hg_05_1.0.png,-1.1,2.7,2.1
426,a15_hg_05_1.1.png,-0.5,2.2,2.3
176,a15_hg_05_1.2.png,-0.8,3.9,3.3
433,a15_hg_06_0.8.png,-1.2,2.1,2.2
628,a15_hg_06_0.9.png,-1.3,2.2,2.3
486,a15_hg_06_1.0.png,-1.2,2.1,1.7
51,a15_hg_06_1.1.png,-1.3,1.5,1.6
332,a15_hg_06_1.2.png,-0.9,2.7,2.6
277,a15_ic_00_100.png,-0.3,2.6,2.5
564,a15_ic_00_150.png,-0.5,1.9,2.4
293,a15_ic_00_200.png,-0.4,2.5,2.5
578,a15_ic_00_50.png,0.1,2,2
250,a15_ic_00_75.png,0.4,2.1,2.2
36,a15_ic_01_100.png,0.6,3.4,4.4
713,a15_ic_01_150.png,-0.7,1.9,1.9
163,a15_ic_01_200.png,-0.5,2.1,3.4
6,a15_ic_01_50.png,1.3,0.2,0.2
12,a15_ic_01_75.png,1.5,0.5,1.3
241,a15_ic_02_100.png,-0.9,1.8,1.8
296,a15_ic_02_150.png,-0.5,2.1,2.2
640,a15_ic_02_200.png,-1.4,2.1,2.2
297,a15_ic_02_50.png,-0.2,2.4,2.4
759,a15_ic_02_75.png,-0.3,1.9,2
742,a15_ic_03_100.png,-0.4,2.2,2.2
647,a15_ic_03_150.png,0.4,2.5,2.5
620,a15_ic_03_200.png,-1.2,1.3,1.9
251,a15_ic_03_50.png,0.4,2,2.1
480,a15_ic_03_75.png,-0.1,2.8,2.5
318,a15_ic_04_100.png,0.4,1.8,2.5
159,a15_ic_04_150.png,0.1,2.2,2.2
532,a15_ic_04_200.png,0.7,2.1,1.6
137,a15_ic_04_50.png,0.9,2.7,2.7
211,a15_ic_04_75.png,0.9,2,2.2
495,a15_ic_05_100.png,-0.3,1.9,2
145,a15_ic_05_150.png,-0.7,1.6,2.2
379,a15_ic_05_200.png,0.1,2.1,2.4
574,a15_ic_05_50.png,0.4,2.1,2.1
383,a15_ic_05_75.png,0.4,1.8,2.2
715,a15_ic_06_100.png,-0.7,2.1,1.7
64,a15_ic_06_150.png,-0.7,1.7,1.8
626,a15_ic_06_200.png,-0.5,1.7,1.8
809,a15_ic_06_50.png,-0.1,2.2,2.3
676,a15_ic_06_75.png,0.1,1.3,2.1
721,a15_opencv_00_0.6.png,0.6,2.4,2.5
77,a15_opencv_00_0.7.png,1.1,2,2.3
343,a15_opencv_00_0.8.png,0.5,2.4,2.6
88,a15_opencv_00_0.9.png,2,1.7,2.2
558,a15_opencv_00_1.png,1.9,2.4,2.5
580,a15_opencv_01_0.6.png,1,2.7,3.1
403,a15_opencv_01_0.7.png,0.7,2.8,3.3
749,a15_opencv_01_0.8.png,1.1,3,3.4
501,a15_opencv_01_0.9.png,0.7,2.8,2.8
272,a15_opencv_01_1.png,0.9,2.7,2.6
396,a15_opencv_02_0.6.png,1.2,2.8,2.9
756,a15_opencv_02_0.7.png,1.3,2.8,3.5
719,a15_opencv_02_0.8.png,0.6,2.3,2.5
410,a15_opencv_02_0.9.png,1,2.6,3.2
126,a15_opencv_02_1.png,1.8,2.9,2.7
337,a15_opencv_03_0.6.png,0.6,3.2,2.9
833,a15_opencv_03_0.7.png,1.2,2.8,3.3
349,a15_opencv_03_0.8.png,1.5,2,2.2
290,a15_opencv_03_0.9.png,0.8,2.6,2.4
330,a15_opencv_03_1.png,1.8,2,2.3
401,a15_opencv_04_0.6.png,1,2.4,2.5
334,a15_opencv_04_0.7.png,0.8,2.3,2.9
321,a15_opencv_04_0.8.png,1.1,2.5,2.6
25,a15_opencv_04_0.9.png,2.2,1.7,1.7
649,a15_opencv_04_1.png,1.6,2.1,1.9
427,a15_opencv_05_0.6.png,1.8,3,2.8
380,a15_opencv_05_0.7.png,1,2.1,2.1
418,a15_opencv_05_0.8.png,2.3,2.2,2.3
71,a15_opencv_05_0.9.png,0.9,2.1,2.4
91,a15_opencv_05_1.png,1.9,2.1,2.1
121,a15_opencv_06_0.6.png,0.7,3.8,2.9
619,a15_opencv_06_0.7.png,1,3.2,2.6
698,a15_opencv_06_0.8.png,0.5,3.1,2.5
533,a15_opencv_06_0.9.png,2,2.8,2.8
668,a15_opencv_06_1.png,1.2,2.5,2.5
148,a2_dpr_00_0.8.png,0.8,1.7,1.5
138,a2_dpr_00_0.9.png,0.6,1.8,1.8
811,a2_dpr_00_1.0.png,2.1,2.3,2.5
528,a2_dpr_00_1.1.png,2.6,1.8,2.1
347,a2_dpr_00_1.2.png,3,1.2,0.8
489,a2_dpr_01_0.8.png,0.7,1.4,1.7
754,a2_dpr_01_0.9.png,0.7,2,2.1
804,a2_dpr_01_1.0.png,1.5,2.3,2.3
29,a2_dpr_01_1.1.png,3.7,1.6,1.8
506,a2_dpr_01_1.2.png,3.6,1.3,1.5
39,a2_dpr_02_0.8.png,0.9,2.3,2.2
324,a2_dpr_02_0.9.png,2,1.9,2.1
354,a2_dpr_02_1.0.png,0.9,1.6,1.4
547,a2_dpr_02_1.1.png,1.8,1.8,2.2
440,a2_dpr_02_1.2.png,2.5,1.6,1.3
646,a2_dpr_03_0.8.png,0.6,2.2,2.2
301,a2_dpr_03_0.9.png,1.4,1.9,2.1
86,a2_dpr_03_1.0.png,2.3,1.8,2
548,a2_dpr_03_1.1.png,1.3,2,2.2
302,a2_dpr_03_1.2.png,3.7,1.3,1
726,a2_dpr_04_0.8.png,2.7,1.7,1.4
692,a2_dpr_04_0.9.png,2.1,2.2,2.2
411,a2_dpr_04_1.0.png,3,1.5,1.9
835,a2_dpr_04_1.1.png,2.5,1.7,1.9
320,a2_dpr_04_1.2.png,4.1,1.5,1.6
771,a2_dpr_05_0.8.png,2.2,2.1,2.5
559,a2_dpr_05_0.9.png,2.3,2.2,2.3
542,a2_dpr_05_1.0.png,3,1.8,1.5
727,a2_dpr_05_1.1.png,4.6,0.8,0.5
319,a2_dpr_05_1.2.png,4.4,1.4,1.5
221,a2_dpr_06_0.8.png,1.3,1.6,1.1
643,a2_dpr_06_0.9.png,1.8,2,1.9
189,a2_dpr_06_1.0.png,2.5,1.3,1.7
244,a2_dpr_06_1.1.png,3,1.8,1.9
526,a2_dpr_06_1.2.png,3.4,1.3,1.4
527,a2_hg_00_0.8.png,-2.6,1.8,1.8
109,a2_hg_00_0.9.png,-1.8,2,1.9
309,a2_hg_00_1.0.png,-0.5,1.7,1.2
256,a2_hg_00_1.1.png,-0.6,2.7,2.6
776,a2_hg_00_1.2.png,-0.7,2.4,2.3
838,a2_hg_01_0.8.png,-1.6,2.3,2.5
784,a2_hg_01_0.9.png,-0.9,2.4,2.4
416,a2_hg_01_1.0.png,-0.7,2,2.2
549,a2_hg_01_1.1.png,-0.8,2.2,2.1
569,a2_hg_01_1.2.png,-0.4,2.1,2.3
821,a2_hg_02_0.8.png,-3.7,2,1.9
459,a2_hg_02_0.9.png,-1.8,2.2,1.8
786,a2_hg_02_1.0.png,0.4,2.7,2.7
232,a2_hg_02_1.1.png,0.6,1.8,2
267,a2_hg_02_1.2.png,-0.3,3.1,3.4
271,a2_hg_03_0.8.png,-0.8,2.4,2.4
398,a2_hg_03_0.9.png,0,2.6,2.4
565,a2_hg_03_1.0.png,0.1,2.2,2.3
44,a2_hg_03_1.1.png,0.4,3.3,3.1
596,a2_hg_03_1.2.png,1.4,2.7,3
447,a2_hg_04_0.8.png,-0.5,1.8,1.5
242,a2_hg_04_0.9.png,0.3,1.2,1.6
783,a2_hg_04_1.0.png,0.5,2,2.2
268,a2_hg_04_1.1.png,0.9,3.1,3.5
561,a2_hg_04_1.2.png,0.8,2.5,2.5
587,a2_hg_05_0.8.png,-2.2,2,1.6
298,a2_hg_05_0.9.png,-1.1,1.8,2.1
327,a2_hg_05_1.0.png,-2,1.4,1.8
774,a2_hg_05_1.1.png,0.6,1.6,1.5
689,a2_hg_05_1.2.png,-0.6,2.3,2.2
0,a2_hg_06_0.8.png,-1.9,2.3,2.7
118,a2_hg_06_0.9.png,-1.4,2.7,2.5
510,a2_hg_06_1.0.png,-0.4,2.1,2
632,a2_hg_06_1.1.png,-0.4,2.2,2.2
113,a2_hg_06_1.2.png,0.9,2.5,2.7
515,a2_ic_00_100.png,-0.7,1,0.9
257,a2_ic_00_150.png,-0.8,1.8,1.9
553,a2_ic_00_200.png,-0.8,1.3,1.2
653,a2_ic_00_50.png,-1,1.4,1.2
728,a2_ic_00_75.png,-0.7,1.6,0.9
370,a2_ic_01_100.png,-0.2,1.2,1.1
247,a2_ic_01_150.png,-0.7,1.6,1.7
801,a2_ic_01_200.png,-1.5,1.3,1
504,a2_ic_01_50.png,-0.2,0.9,0.7
544,a2_ic_01_75.png,-0.7,1.1,0.9
360,a2_ic_02_100.png,-0.3,1.9,2.2
190,a2_ic_02_150.png,0.5,0.8,0.8
81,a2_ic_02_200.png,-0.9,1.6,1.7
341,a2_ic_02_50.png,-1,0.5,0.9
206,a2_ic_02_75.png,0,1.7,1.6
429,a2_ic_03_100.png,-0.4,1.9,2.1
45,a2_ic_03_150.png,0.5,1.3,1.4
677,a2_ic_03_200.png,-1.3,0.8,0.2
99,a2_ic_03_50.png,-0.8,1.7,1.7
507,a2_ic_03_75.png,-0.8,1.3,1.7
16,a2_ic_04_100.png,0.7,1.6,2.1
310,a2_ic_04_150.png,-0.5,1.1,1.3
162,a2_ic_04_200.png,-1.2,2.2,2.3
20,a2_ic_04_50.png,-0.6,0.9,0.9
823,a2_ic_04_75.png,-1.2,1.3,1.4
612,a2_ic_05_100.png,-1.3,1.3,1.3
329,a2_ic_05_150.png,-0.6,1.8,1.7
830,a2_ic_05_200.png,-0.6,1.8,2
147,a2_ic_05_50.png,-1,1.4,1.8
404,a2_ic_05_75.png,-0.9,1.7,1.7
85,a2_ic_06_100.png,-0.8,1.7,1.2
785,a2_ic_06_150.png,-0.4,1.4,1.2
795,a2_ic_06_200.png,-1.5,1.5,1.6
537,a2_ic_06_50.png,-0.6,1.4,0.9
229,a2_ic_06_75.png,-0.7,1.7,1.6
187,a2_opencv_00_0.6.png,0.6,3.2,3.1
476,a2_opencv_00_0.7.png,0.7,2.9,3
836,a2_opencv_00_0.8.png,1.9,2.4,2.5
624,a2_opencv_00_0.9.png,0.6,2.1,2
633,a2_opencv_00_1.png,1.5,2.6,2.7
792,a2_opencv_01_0.6.png,2.2,3.7,4.4
132,a2_opencv_01_0.7.png,0.7,3.9,3.5
94,a2_opencv_01_0.8.png,0.2,4,3.3
714,a2_opencv_01_0.9.png,0.9,1.6,1.7
442,a2_opencv_01_1.png,0.9,3.6,3.4
414,a2_opencv_02_0.6.png,1.3,3.4,3
722,a2_opencv_02_0.7.png,0.8,2.7,2.5
697,a2_opencv_02_0.8.png,1.4,2.1,2.4
816,a2_opencv_02_0.9.png,2.2,2.8,2.6
611,a2_opencv_02_1.png,1.6,2,2.1
30,a2_opencv_03_0.6.png,0.3,2.8,2.3
263,a2_opencv_03_0.7.png,1,2.3,2
119,a2_opencv_03_0.8.png,1.1,2.7,2.6
49,a2_opencv_03_0.9.png,1.5,2.4,2.7
307,a2_opencv_03_1.png,0.9,3.1,2.8
382,a2_opencv_04_0.6.png,0.9,2.3,2.4
237,a2_opencv_04_0.7.png,0.8,2.1,2.2
367,a2_opencv_04_0.8.png,0.8,2.3,2.2
688,a2_opencv_04_0.9.png,1.2,2.3,2.2
775,a2_opencv_04_1.png,2.3,2,1.5
817,a2_opencv_05_0.6.png,2.2,2.3,2.5
601,a2_opencv_05_0.7.png,1.9,2.7,2.5
584,a2_opencv_05_0.8.png,1.2,2.3,2.2
590,a2_opencv_05_0.9.png,2.1,1.9,1.9
454,a2_opencv_05_1.png,1.5,1.9,2.2
755,a2_opencv_06_0.6.png,1.6,2.7,2.7
523,a2_opencv_06_0.7.png,0.9,2.9,2.9
178,a2_opencv_06_0.8.png,2.3,2.1,2.4
778,a2_opencv_06_0.9.png,1.7,2.4,2.5
465,a2_opencv_06_1.png,1.4,2.2,2.1
655,a20_dpr_00_0.8.png,0.6,2.8,3
355,a20_dpr_00_0.9.png,0.1,2.6,2.5
406,a20_dpr_00_1.0.png,2.3,1.6,1.2
824,a20_dpr_00_1.1.png,2.9,1.7,1.2
21,a20_dpr_00_1.2.png,4.1,1.6,2.3
377,a20_dpr_01_0.8.png,0.7,2.1,2.3
516,a20_dpr_01_0.9.png,1.3,2.3,2.4
536,a20_dpr_01_1.0.png,0.6,2.4,2.2
98,a20_dpr_01_1.1.png,0.9,2.6,2.3
482,a20_dpr_01_1.2.png,1.3,2.2,2.3
773,a20_dpr_02_0.8.png,1.8,1,0.7
291,a20_dpr_02_0.9.png,0.6,0.4,0.2
48,a20_dpr_02_1.0.png,2.1,0.7,0.6
464,a20_dpr_02_1.1.png,2.2,1.7,1
827,a20_dpr_02_1.2.png,2.4,1.5,1.2
796,a20_dpr_03_0.8.png,2.2,1.5,0.8
255,a20_dpr_03_0.9.png,4,0.7,0.3
346,a20_dpr_03_1.0.png,1.1,0.2,0.3
730,a20_dpr_03_1.1.png,0.8,1,1
808,a20_dpr_03_1.2.png,3.3,0.2,0.4
34,a20_dpr_04_0.8.png,0.4,0.6,0.7
618,a20_dpr_04_0.9.png,1.9,1.6,1.6
362,a20_dpr_04_1.0.png,2.1,0.7,0.8
348,a20_dpr_04_1.1.png,1.2,0.9,1.5
813,a20_dpr_04_1.2.png,3.7,0.8,0.5
481,a20_dpr_05_0.8.png,0.7,1.9,2.1
594,a20_dpr_05_0.9.png,0.8,1.8,1.9
213,a20_dpr_05_1.0.png,1.2,1.8,0.9
571,a20_dpr_05_1.1.png,3.5,0.6,0.6
225,a20_dpr_05_1.2.png,3.3,1.1,1.5
284,a20_dpr_06_0.8.png,0.8,1.9,2.4
819,a20_dpr_06_0.9.png,0.5,2.3,2.5
529,a20_dpr_06_1.0.png,0.6,2.3,2.3
104,a20_dpr_06_1.1.png,0.9,2.7,2.3
605,a20_dpr_06_1.2.png,3.4,1.7,1.7
399,a20_hg_00_0.8.png,-1.1,3.2,2.8
364,a20_hg_00_0.9.png,-0.4,3.6,4.1
46,a20_hg_00_1.0.png,0,4.7,4.8
345,a20_hg_00_1.1.png,-0.3,3.4,3.4
172,a20_hg_00_1.2.png,0.4,3.7,3.6
790,a20_hg_01_0.8.png,-1.4,3.5,3.5
376,a20_hg_01_0.9.png,-0.1,4.2,3.8
457,a20_hg_01_1.0.png,0,4.8,4.6
173,a20_hg_01_1.1.png,0,2.5,2.5
651,a20_hg_01_1.2.png,0.1,4.2,3.9
585,a20_hg_02_0.8.png,-1.1,2.6,2.5
209,a20_hg_02_0.9.png,-0.5,3.2,2.5
636,a20_hg_02_1.0.png,-0.9,2.8,2.6
15,a20_hg_02_1.1.png,-0.7,4.4,3.4
415,a20_hg_02_1.2.png,0.6,2.7,2.7
123,a20_hg_03_0.8.png,-0.3,1.5,1.1
599,a20_hg_03_0.9.png,-1.1,1.6,1.5
166,a20_hg_03_1.0.png,0.9,1.8,0.8
397,a20_hg_03_1.1.png,1,1.4,1.2
687,a20_hg_03_1.2.png,1.2,2,2
378,a20_hg_04_0.8.png,1.2,1,0.9
524,a20_hg_04_0.9.png,1.3,1.6,2.2
261,a20_hg_04_1.0.png,0.9,1.6,1.2
570,a20_hg_04_1.1.png,0.8,1.6,1.5
388,a20_hg_04_1.2.png,1.9,1.6,1.8
129,a20_hg_05_0.8.png,-1.6,3,2.7
797,a20_hg_05_0.9.png,0.2,1.5,1.7
540,a20_hg_05_1.0.png,1.5,2.7,2.4
449,a20_hg_05_1.1.png,-0.2,2.3,2.3
606,a20_hg_05_1.2.png,2.3,1.8,2.1
191,a20_hg_06_0.8.png,-1,2.9,2.7
266,a20_hg_06_0.9.png,-0.9,3,2.8
305,a20_hg_06_1.0.png,0.2,3.4,3.1
425,a20_hg_06_1.1.png,0.2,2.9,2.7
253,a20_hg_06_1.2.png,0.3,3.2,2.8
752,a20_ic_00_100.png,0,2.3,2.3
839,a20_ic_00_150.png,-1.4,1.8,1.8
729,a20_ic_00_200.png,-0.4,2.1,2.1
389,a20_ic_00_50.png,-0.4,1.9,2
799,a20_ic_00_75.png,-0.9,1.6,1.5
577,a20_ic_01_100.png,-0.5,2,1.7
723,a20_ic_01_150.png,-1,1.3,1.5
97,a20_ic_01_200.png,-2.6,1.5,1.2
641,a20_ic_01_50.png,-0.9,1.7,2.2
724,a20_ic_01_75.png,-0.7,1.8,1.5
31,a20_ic_02_100.png,0.5,3.3,3.3
236,a20_ic_02_150.png,-1,2,2.2
629,a20_ic_02_200.png,-2.3,1.5,1.3
112,a20_ic_02_50.png,-0.8,2.1,2.3
659,a20_ic_02_75.png,-0.5,1.7,1.7
521,a20_ic_03_100.png,-0.7,1.7,1.1
810,a20_ic_03_150.png,-0.5,2.2,2.3
669,a20_ic_03_200.png,-0.9,1.8,2
72,a20_ic_03_50.png,-0.5,2.9,3
600,a20_ic_03_75.png,-1.4,1.4,1.9
205,a20_ic_04_100.png,-0.2,2.4,2.5
812,a20_ic_04_150.png,-0.6,1.9,1.9
165,a20_ic_04_200.png,-0.7,2.7,2.3
312,a20_ic_04_50.png,-0.4,2.1,2.2
690,a20_ic_04_75.png,-0.9,1.9,2.2
40,a20_ic_05_100.png,-0.1,3.2,3.3
90,a20_ic_05_150.png,-1.2,2.3,2.6
120,a20_ic_05_200.png,-1,2.1,2.3
270,a20_ic_05_50.png,-0.3,2.1,2.2
694,a20_ic_05_75.png,-0.4,1.8,2.3
746,a20_ic_06_100.png,-0.5,2.6,2.5
170,a20_ic_06_150.png,-0.6,2.6,2.8
638,a20_ic_06_200.png,-1,1.7,1.8
262,a20_ic_06_50.png,0,2.5,2.5
556,a20_ic_06_75.png,-0.4,1.7,1.8
100,a20_opencv_00_0.6.png,0.4,2.7,2.7
702,a20_opencv_00_0.7.png,1.8,2.5,2.5
196,a20_opencv_00_0.8.png,1.6,2.1,2.2
336,a20_opencv_00_0.9.png,1.5,2.1,2.4
568,a20_opencv_00_1.png,2.2,1.9,1.7
101,a20_opencv_01_0.6.png,0.5,3.1,3
264,a20_opencv_01_0.7.png,0.4,2.5,2.7
58,a20_opencv_01_0.8.png,0.6,2.2,2.3
83,a20_opencv_01_0.9.png,2,2.2,2.4
230,a20_opencv_01_1.png,1.1,2.7,2.6
712,a20_opencv_02_0.6.png,1.1,2.2,2.3
602,a20_opencv_02_0.7.png,0.6,2.9,2.9
299,a20_opencv_02_0.8.png,0.3,3.2,3.6
820,a20_opencv_02_0.9.png,0.6,2.8,3
452,a20_opencv_02_1.png,0.2,3.5,2.8
739,a20_opencv_03_0.6.png,0.4,2.8,2.7
323,a20_opencv_03_0.7.png,0.3,3.3,2.9
164,a20_opencv_03_0.8.png,0.2,3.3,2.8
340,a20_opencv_03_0.9.png,0.4,2.5,2.5
648,a20_opencv_03_1.png,0.7,2.8,2.8
220,a20_opencv_04_0.6.png,0.7,3.5,3.2
142,a20_opencv_04_0.7.png,0.3,3.6,3.2
767,a20_opencv_04_0.8.png,0.7,2.9,3.1
789,a20_opencv_04_0.9.png,0.7,3.3,3
675,a20_opencv_04_1.png,0.3,2.9,2.8
453,a20_opencv_05_0.6.png,0.5,3.4,3
110,a20_opencv_05_0.7.png,0.2,3.9,3.3
37,a20_opencv_05_0.8.png,0.3,3.1,3.1
73,a20_opencv_05_0.9.png,-0.1,2.8,2.8
733,a20_opencv_05_1.png,1.5,2.7,2.5
289,a20_opencv_06_0.6.png,1.1,2.4,2.3
422,a20_opencv_06_0.7.png,0.6,2.5,2.5
356,a20_opencv_06_0.8.png,1.2,2.2,2.2
497,a20_opencv_06_0.9.png,1.1,1.9,1.9
342,a20_opencv_06_1.png,1.3,2,2
479,a9_dpr_00_0.8.png,0.2,2.2,1.8
443,a9_dpr_00_0.9.png,0.8,2.2,2.3
502,a9_dpr_00_1.0.png,3.2,2.1,2.2
446,a9_dpr_00_1.1.png,3.2,1.4,1.4
111,a9_dpr_00_1.2.png,3.1,1.4,1.1
41,a9_dpr_01_0.8.png,0.8,3.1,3.1
214,a9_dpr_01_0.9.png,1.1,2.7,2.7
371,a9_dpr_01_1.0.png,1.3,1.7,2.1
805,a9_dpr_01_1.1.png,1.9,2,2.3
826,a9_dpr_01_1.2.png,3,1.8,1.9
513,a9_dpr_02_0.8.png,0.6,2.7,2.8
667,a9_dpr_02_0.9.png,1.8,2.2,2.2
408,a9_dpr_02_1.0.png,1.1,2.1,2.3
682,a9_dpr_02_1.1.png,1.7,2.7,2.6
627,a9_dpr_02_1.2.png,2,2.5,2.5
17,a9_dpr_03_0.8.png,1.4,2.7,3.6
734,a9_dpr_03_0.9.png,1.9,1.9,2.3
146,a9_dpr_03_1.0.png,1.9,1.8,1.3
13,a9_dpr_03_1.1.png,3.8,1.4,1
151,a9_dpr_03_1.2.png,2.8,1.4,1.5
725,a9_dpr_04_0.8.png,1.5,1.4,1.3
117,a9_dpr_04_0.9.png,1.4,2,2.3
463,a9_dpr_04_1.0.png,2,2.1,2.3
660,a9_dpr_04_1.1.png,1.7,1.9,1.8
478,a9_dpr_04_1.2.png,3.1,1.4,1.2
829,a9_dpr_05_0.8.png,0.5,2.2,2.3
328,a9_dpr_05_0.9.png,2.9,2.3,2.2
444,a9_dpr_05_1.0.png,0.5,2.2,2.2
650,a9_dpr_05_1.1.png,1.8,1.8,2.2
588,a9_dpr_05_1.2.png,3,1.6,1.2
662,a9_dpr_06_0.8.png,0.6,1.9,2
780,a9_dpr_06_0.9.png,2.3,2,2.3
70,a9_dpr_06_1.0.png,0.7,1.4,2.1
122,a9_dpr_06_1.1.png,2.7,1.5,1.8
47,a9_dpr_06_1.2.png,4.1,1.1,0.8
683,a9_hg_00_0.8.png,-1.7,2.5,2.5
245,a9_hg_00_0.9.png,-0.9,3.1,2.9
634,a9_hg_00_1.0.png,0.2,2.7,2.6
134,a9_hg_00_1.1.png,0.4,2.9,2.9
621,a9_hg_00_1.2.png,0.6,2.8,2.7
175,a9_hg_01_0.8.png,-1.4,3.2,3.9
127,a9_hg_01_0.9.png,-1,3.2,3
494,a9_hg_01_1.0.png,0.4,2.7,2.7
779,a9_hg_01_1.1.png,0.3,3.8,3.9
818,a9_hg_01_1.2.png,0.2,4,3.7
61,a9_hg_02_0.8.png,-1.8,3,3.1
665,a9_hg_02_0.9.png,-0.4,4,3.9
496,a9_hg_02_1.0.png,0.4,4.9,4
372,a9_hg_02_1.1.png,0.3,4.7,4.7
219,a9_hg_02_1.2.png,0.5,4.4,4.5
179,a9_hg_03_0.8.png,-0.6,3.1,3
124,a9_hg_03_0.9.png,0.1,3.5,3.8
563,a9_hg_03_1.0.png,0.4,3.7,3.8
760,a9_hg_03_1.1.png,1.4,3.1,2.8
27,a9_hg_03_1.2.png,0.5,3.6,4.3
218,a9_hg_04_0.8.png,-0.5,2.8,2.7
603,a9_hg_04_0.9.png,-1,1.8,1.8
586,a9_hg_04_1.0.png,0.8,1.8,1.7
664,a9_hg_04_1.1.png,0.6,4,3.2
607,a9_hg_04_1.2.png,2.1,2.2,2.8
80,a9_hg_05_0.8.png,-1.9,2.9,2.9
10,a9_hg_05_0.9.png,-0.9,3,3.3
200,a9_hg_05_1.0.png,0.1,3.4,3.3
672,a9_hg_05_1.1.png,0.5,3,2.7
195,a9_hg_05_1.2.png,0.5,2.8,2.6
738,a9_hg_06_0.8.png,-0.5,2.5,2.5
832,a9_hg_06_0.9.png,-0.8,2.7,2.8
56,a9_hg_06_1.0.png,-1,3,3
552,a9_hg_06_1.1.png,-0.5,3.1,3.4
55,a9_hg_06_1.2.png,-0.4,3.5,4.4
763,a9_ic_00_100.png,-1.4,1.6,1.5
4,a9_ic_00_150.png,-0.7,2.8,2.9
234,a9_ic_00_200.png,0.7,2.2,2.2
133,a9_ic_00_50.png,-0.3,2.3,2.4
57,a9_ic_00_75.png,0.2,1.8,1.7
204,a9_ic_01_100.png,-0.3,2.2,2.3
89,a9_ic_01_150.png,-1.3,2,2.1
42,a9_ic_01_200.png,0.7,2.1,2.3
169,a9_ic_01_50.png,-0.6,2.4,2.5
814,a9_ic_01_75.png,-0.8,1.8,1.9
430,a9_ic_02_100.png,-0.2,2,2
69,a9_ic_02_150.png,-0.8,1.7,1.7
788,a9_ic_02_200.png,-0.8,1.9,2
417,a9_ic_02_50.png,-0.7,2,2
283,a9_ic_02_75.png,0.4,2.3,2.3
161,a9_ic_03_100.png,-0.9,2.3,2.5
768,a9_ic_03_150.png,-0.9,1.6,1.8
11,a9_ic_03_200.png,-0.5,2.8,2.7
78,a9_ic_03_50.png,-0.2,2.2,2.2
192,a9_ic_03_75.png,-0.1,2.1,2.2
625,a9_ic_04_100.png,-1.1,1.5,1.5
186,a9_ic_04_150.png,-0.3,2,1.7
193,a9_ic_04_200.png,-0.2,2.3,2.4
390,a9_ic_04_50.png,-0.2,2,2.1
445,a9_ic_04_75.png,-0.4,1.8,1.8
623,a9_ic_05_100.png,-1.1,1.7,1.5
373,a9_ic_05_150.png,-0.5,2.2,2.1
87,a9_ic_05_200.png,-1.1,2.5,2.3
369,a9_ic_05_50.png,-0.3,2,2.2
331,a9_ic_05_75.png,-0.5,2.2,2.3
691,a9_ic_06_100.png,-0.8,1.8,1.8
227,a9_ic_06_150.png,-0.5,2,2.3
673,a9_ic_06_200.png,-0.4,2.1,2.1
125,a9_ic_06_50.png,0,2.1,2.4
441,a9_ic_06_75.png,-0.6,2.1,2.1
740,a9_opencv_00_0.6.png,1.7,3.8,3.5
831,a9_opencv_00_0.7.png,1.2,3,3.3
517,a9_opencv_00_0.8.png,0.9,2.6,2.5
107,a9_opencv_00_0.9.png,1.3,2.7,2.7
439,a9_opencv_00_1.png,0.7,2.5,2.5
313,a9_opencv_01_0.6.png,0.5,3.6,3.9
597,a9_opencv_01_0.7.png,1.3,2.6,2.7
160,a9_opencv_01_0.8.png,0.6,3.4,2.8
412,a9_opencv_01_0.9.png,1.2,2.8,2.6
50,a9_opencv_01_1.png,1,2.8,3.1
822,a9_opencv_02_0.6.png,2.6,3.6,4.1
455,a9_opencv_02_0.7.png,0.3,3,3.3
608,a9_opencv_02_0.8.png,1.8,2.5,2.7
576,a9_opencv_02_0.9.png,1.4,2.8,2.7
525,a9_opencv_02_1.png,1.9,2.6,2.5
508,a9_opencv_03_0.6.png,0.6,3.8,3.5
143,a9_opencv_03_0.7.png,0.2,3.5,3.9
573,a9_opencv_03_0.8.png,1.6,2.8,2.8
554,a9_opencv_03_0.9.png,1.2,2.6,2.9
514,a9_opencv_03_1.png,2.1,1.8,2
488,a9_opencv_04_0.6.png,0.1,3.8,4.2
150,a9_opencv_04_0.7.png,1,3.1,3
753,a9_opencv_04_0.8.png,0.8,2.8,3.1
657,a9_opencv_04_0.9.png,0.5,3.2,3.4
509,a9_opencv_04_1.png,1.6,2,1.8
686,a9_opencv_05_0.6.png,1.1,2.7,2.7
285,a9_opencv_05_0.7.png,0.4,3.4,3.1
518,a9_opencv_05_0.8.png,0.2,2.7,2.6
171,a9_opencv_05_0.9.png,0.7,3.2,3.7
366,a9_opencv_05_1.png,1.2,2,2.4
294,a9_opencv_06_0.6.png,0.4,3.6,4
616,a9_opencv_06_0.7.png,0.7,3.7,4.1
815,a9_opencv_06_0.8.png,1.7,2.8,3.2
308,a9_opencv_06_0.9.png,0.5,2.9,2.9
761,a9_opencv_06_1.png,0.9,2.7,2.6
